"Gene","Frontier"
"g__Acinetobacter",1
"g__Bradyrhizobium_503403",1
"g__Helicobacter_G",1
"g__Romboutsia_B",1
"g__Rothia",1
"g__Staphylococcus",1
"g__Enterococcus_E",2
"g__Methylobacterium",2
"g__Burkholderia",3
"g__Corynebacterium",4
"g__Ligilactobacillus",4
"g__Pelomonas",4
"g__Streptococcus",4
"g__Bacillus_P_294101",5
"g__Blautia_A_141781",5
"g__Brevundimonas",5
"g__Thermophilibacter",5
"g__Aerococcus",6
"g__Gemmiger_A_73129",6
"g__Paenibacillus_J_366884",6
"g__Agrobacterium",7
"g__Macrococcus_B",7
"g__Massilistercora",7
"g__Mediterraneibacter_A_155507",7
"g__Bifidobacterium_388775",8
"g__Brevibacillus_D_362672",8
"g__Desulfovibrio_446353",8
"g__Faecalibacillus",8
"g__Fusobacterium_A",8
"g__Peptococcus",8
"g__Phocaeicola_A",8
"g__Weizmannia",8
"g__Actinomyces",9
"g__Jeotgalicoccus_A_310698",9
"g__Jeotgalicoccus_A_310962",9
"g__Planifilum",9
"g__Pseudomonas_E_647464",9
"g__Bacillus_J_295379",10
"g__Campylobacter_E",10
"g__Fimimorpha",10
"g__Mucispirillum",10
"g__Thermoactinomyces_A",10
