geo_accession	disease.state	g__43-108	g__Acidovorax_F_589733	g__Acinetobacter	g__Actinomyces	g__Acutalibacter	g__Aedoeadaptatus_226160	g__Aeribacillus	g__Aerococcus	g__Agathobaculum	g__Agrobacterium	g__Akkermansia	g__Alistipes_A_871400	g__Alistipes_A_871404	g__Alkalicoccobacillus	g__Alkalihalophilus	g__Anaerobiospirillum_A	g__Anaerobutyricum	g__Anaerococcus	g__Anaerocolumna	g__Anaerofilum_73741	g__Anaerofustis	g__Anaerorhabdus	g__Anaerotardibacter	g__Anaerotignum_189125	g__Anaerotruncus	g__Aneurinibacillus_B_362046	g__Aneurinibacillus_B_362085	g__Angelakisella	g__Aphodomorpha	g__Aquabacterium_A_592457	g__Arachnia	g__Aureimonas_A_501505	g__Avelusimicrobium	g__BHER01	g__Bacillus_A	g__Bacillus_AE	g__Bacillus_J_295379	g__Bacillus_O_301684	g__Bacillus_P_294101	g__Bacteroides_H_857956	g__Barnesiella_B	g__Bifidobacterium_388775	g__Blastomonas_485421	g__Blautia_A_141780	g__Blautia_A_141781	g__Borkfalkia	g__Bosea	g__Boudabousia	g__Bowdeniella	g__Brachybacterium	g__Bradyrhizobium_503372	g__Bradyrhizobium_503403	g__Brevibacillus_D_362672	g__Brevibacillus_E	g__Brevibacterium	g__Brevundimonas	g__Bruticola	g__Bulleidia	g__Burkholderia	g__Butyricicoccus_A_77030	g__CAG-196	g__CAG-269	g__CAG-273	g__CAG-314	g__CAG-475	g__CAG-793	g__CAJLXD01	g__Caccocola	g__Caccousia	g__Caenibacillus	g__Calditerricola	g__Campylobacter_E	g__Canibacter	g__Caproicibacter	g__Caproicibacterium	g__Caproiciproducens	g__Catenibacillus	g__Caulobacter_487784	g__Cellulomonas_A	g__Cellulosimicrobium	g__Choladousia	g__Christensenella	g__Chroococcidiopsis	g__Citroniella	g__Clostridium_AD	g__Clostridium_AU	g__Clostridium_T	g__Cohnella	g__Collinsella	g__Coprenecus	g__Coprosoma	g__Corynebacterium	g__Cryptobacteroides	g__Dermacoccus	g__Desulfovibrio_446353	g__Devosia_A_502124	g__Dietzia	g__Duganella_570799	g__Duodenibacillus	g__Dysosmobacter	g__Enorma	g__Enterocloster	g__Enterococcus_A	g__Enterococcus_B	g__Enterococcus_D	g__Enterococcus_E	g__Enterococcus_G	g__Enterococcus_H_360604	g__Enteromonas	g__Enterousia	g__Erysipelothrix	g__Escherichia	g__Eubacterium_B	g__Eubacterium_O_258270	g__Eubacterium_R	g__Evtepia	g__Exiguobacterium_A	g__Faecalibacillus	g__Faecalibacterium	g__Faecalicoccus	g__Faecalitalea	g__Faecenecus	g__Faecimonas	g__Faecousia	g__Fastidiosipila	g__Fimenecus	g__Fimimorpha	g__Fimiplasma	g__Flaviflexus	g__Flavobacterium	g__Fournierella	g__Fundicoccus	g__Fusobacterium_A	g__Gallibacterium	g__Gallicola	g__Gemmiger_A_73129	g__Gemmiger_A_73276	g__Geobacillus	g__Gleimia	g__Globicatella	g__Glutamicibacter	g__Granulicatella	g__HGM16780	g__Helcococcus	g__Helicobacter_G	g__Heliimonas	g__Heyndrickxia	g__Hominenteromicrobium	g__Hominibacterium	g__Hominilimicola	g__Hydrogeniiclostridium	g__JG1575	g__Jeotgalibaca	g__Jeotgalicoccus_A_310698	g__Jeotgalicoccus_A_310962	g__Kocuria	g__Kroppenstedtia_A	g__Kurthia	g__Lachnoclostridium_B	g__Lachnotalea	g__Lacrimispora	g__Lactobacillus	g__Lactococcus_A_343306	g__Lactococcus_A_346120	g__Laedolimicola	g__Lawsonella	g__Lawsonibacter	g__Lentihominibacter	g__Leucobacter	g__Leuconostoc_B	g__Lientehia	g__Ligilactobacillus	g__Limiplasma	g__Limisoma	g__Limivicinus	g__Limosilactobacillus	g__Limousia	g__Luteococcus	g__Macrococcus_B	g__Mailhella	g__Maliibacterium	g__Massilibacillus	g__Massilistercora	g__Mediterraneibacter_A_155507	g__Megamonas	g__Megasphaera_A_38565	g__Merdibacter	g__Merdicola	g__Merdimmobilis	g__Merdimonas	g__Methylobacterium	g__Methyloversatilis	g__Micrococcus	g__Mobilicoccus	g__Mogibacterium_A	g__Mucispirillum	g__Nanogingivalis	g__Nanoperiomorbus	g__Nanosynbacter	g__Nanosyncoccus	g__Ndongobacter	g__Negativibacillus	g__Neofamilia	g__Niallia_300228	g__Nitrosomonas	g__Nosocomiicoccus	g__Oceanobacillus_287537	g__Ochrobactrum_A_499027	g__Odoribacter_865974	g__Onthenecus	g__Onthomonas	g__Onthovivens	g__Otoolea_135853	g__Paenibacillus_A	g__Paenibacillus_G_363728	g__Paenibacillus_J_366882	g__Paenibacillus_J_366884	g__Paenibacillus_L	g__Paenibacillus_S	g__Paenibacillus_T_364413	g__Paludihabitans	g__Pantoea_680069	g__Parabacteroides_B_862066	g__Paracidovorax_589562	g__Paracoccus	g__Paraeggerthella	g__Parafannyhessea	g__Parageobacillus_294456	g__Paraprevotella	g__Pauljensenia	g__Pelomonas	g__Peptacetobacter	g__Peptococcus	g__Peptoniphilus_A	g__Peptoniphilus_B_226367	g__Peptostreptococcus	g__Phascolarctobacterium_A_39470	g__Phascolarctobacterium_A_40086	g__Phocaeicola_A	g__Phyllobacterium_498581	g__Planifilum	g__Populibacterium	g__Porcincola	g__Prevotella	g__Priestia_289346	g__Pseudobutyricicoccus	g__Pseudoclavibacter_C	g__Pseudomonas_E_647464	g__Psychrobacter	g__Pygmaiobacter	g__RUG12783	g__RUG13038	g__RUG13077	g__RUG705	g__Ralstonia	g__Rikenella	g__Romboutsia_B	g__Rothia	g__Ructibacterium	g__Ruminiclostridium_D	g__Ruminococcus_C_58660	g__Ruminococcus_E	g__Rummeliibacillus	g__Ruoffia	g__Ruthenibacterium	g__S5-A14a	g__SFEB01	g__SFLA01	g__SFMI01	g__SZUA-359	g__Sarcina_200052	g__Scatoplasma	g__Scybalousia	g__Sediminibacterium	g__Sellimonas	g__Shouchella	g__Slackia	g__Soleaferrea	g__Solibacillus	g__Sphingobacterium	g__Sphingobium_A_485959	g__Sphingomonas_L_486704	g__Sporomusa	g__Staphylococcus	g__Stenotrophomonas_A_615274	g__Stercorousia	g__Streptococcus	g__Streptomyces_400150	g__Succinatimonas	g__Succinivibrio	g__Suilimivivens	g__Suipraeoptans	g__Sutcliffiella_A	g__Sutterella	g__Symbiobacterium	g__Tepidimicrobium	g__Thermoactinomyces_A	g__Thermobacillus	g__Thermophilibacter	g__Thomasclavelia	g__Tidjanibacter	g__Trichococcus	g__Trueperella	g__Turicibacter	g__UBA11490	g__UBA1254	g__UBA1259	g__UBA1732	g__UBA1822	g__UBA2658	g__UBA2813	g__UBA2834	g__UBA3830	g__UBA4951	g__UBA636	g__UBA644	g__UBA737	g__UBA9076	g__UMGS1449	g__UMGS1994	g__Ureibacillus	g__Vagococcus_B	g__Varibaculum	g__Veillonella_A	g__Ventrisoma	g__Victivallis	g__WQUU01	g__WRAH01	g__WRMH01	g__Weissella	g__Weizmannia	g__ZCTH02-B6
SRR36490879	control	0	0	0.065226366	0.010183019	0	0	0	0.01020022	0	0.001943718	0	0	0	0	0	0	0.000412825	0.001135269	0	6.88041832943443e-05	0	0	0	0	0	0	0	0	0	0.001049264	5.16031374707582e-05	0	0	0	0.001582496	0	0.00017201	0.000430026	0.001135269	0	0	0.000756846	0.000722444	0.002012522	0.003044585	0	8.60052291179304e-05	0.001393285	0.000997661	0.000670841	0.000275217	0.005280721	0.000911655	0	0	0.003371405	0	0.000103206	0.007860878	0.00017201	0	0.00017201	0	0	0	0	0	0	0	0	0	0.000189212	0.000705243	0	0	0	0	8.60052291179304e-05	0	0	0	0	0	0.000292418	0	0.000189212	0.000206413	0.000137608	0.000533232	0	5.16031374707582e-05	0.120802945	0	0.000361222	0	0	0.000516031	0	0	3.44020916471722e-05	0	0	0.001014862	0	0	0.009185358	0	0.00017201	0	0	8.60052291179304e-05	0	0	0.001530893	0.000137608	0	0	0.000378423	0.000240815	0.000756846	0.001702904	0	0.000103206	0.000240815	6.88041832943443e-05	0	0.000860052	0	0	0	0	0.000808449	0	0	0.058191138	0.005418329	0	0	0.000464428	0.005538737	0	0.002838173	0	0.001462089	0	3.44020916471722e-05	0.000258016	0	0.000602037	0.000344021	0.000137608	0.002889776	0	0	0.001255676	0.009133755	0	0.003061786	0	0	0.000103206	6.88041832943443e-05	0	0	0	0	0	0.000258016	0.000430026	6.88041832943443e-05	0	0.003010183	0.000137608	0	0	0.000103206	0	0.000344021	0.005108711	0	0	0	0.000533232	6.88041832943443e-05	0.000120407	0	0	0	0	0	0.003354204	0.000309619	0.000395624	0	0.000120407	0	0	0.000189212	0.000137608	0	0.000567635	0.000103206	0	0	0	0	0	0	0	6.88041832943443e-05	0	0	0	0	0	0	0.003474611	0.000103206	0	0	0	0.000103206	0	0.001892115	6.88041832943443e-05	0.000275217	0	0	0	0.003681024	0.006811614	0	0.00115247	0	0.006140773	0.003216596	0	0	0.000103206	0	0.000292418	0	0.000154809	0	0	0	0	0.004128251	5.16031374707582e-05	0	0	0	0	0	0	0	0.246921013	0.206034127	0	0	0	0	0	0.004489473	0.001341682	0	0	0	0	0.000154809	0.000894454	0	0	0	0.000292418	0	0	0	0	0	0.000206413	0.000911655	0	0.010320627	5.16031374707582e-05	0	0.090047475	0	0	0	0	0.000928856	0	0	0.000584836	5.16031374707582e-05	0.000533232	0.000584836	0.002201734	0.000189212	0	0	0.000103206	0.028209715	0	0	0	0	0	0	0.000189212	0	0	0	0	0	0	0.000240815	0	0	0	0	0.00032682	0	0	0	0	0	0	0.001823311	0.000670841	0
SRR36490880	control	0	0.000186003	0.073595288	0.000868015	0	0	0	0.003534062	0	0.003487561	0.000170503	0.000372007	0.000217004	0	0	0	0.000480508	6.20010850189878e-05	0.000186003	0.000124002	0.000418507	0.000744013	0	0	0	0	0	0	0.000279005	0.000480508	0	0	0	0	0	0	0.001271022	0.001271022	0.004278075	0.000341006	0	0.008974657	0.00058901	0.000914516	0.029295513	0	0	0	0.000697512	0.001674029	0	0.005673099	0.000465008	0.000170503	0.001379524	0.003673564	0	0	0.008850655	0.000356506	0	0.001317523	0	0.001286523	0	0	0	0	0	9.30016275284818e-05	0	4.65008137642409e-05	0.000248004	0.000139502	0	0	6.20010850189878e-05	0	0.000186003	0.000263505	0.000201504	0	0	0.000232504	0	0	0	0	0.002573045	0	0.00226304	0.069890723	0	0.003890568	0.005797101	0	0.000248004	0.000124002	0.000170503	0.000155003	0.000139502	0	0	0.000527009	0	0.020212354	0.000310005	0.006029606	0	0	0	0.000263505	0	0.002449043	0.000108502	0.000294505	0	0.002123537	0.002712547	0.003766566	0.01086569	0	0.002960552	0.007099124	0	7.75013562737348e-05	0.008137642	0.000186003	0	0	0.000465008	0.000868015	0.000310005	0	0.002030536	0.099682244	0.006060606	0.001751531	0	0.002511044	0	0.000341006	0	0.000170503	0	0	0.000325506	0	0.001410525	0.001488026	0.000108502	0.000248004	0	0	0.000728513	0.00858715	0.000403007	0.000139502	0.000775014	0.000279005	0	0.000449508	0	0.000341006	0	0	0.002046036	0.004061071	7.75013562737348e-05	0.000527009	0	0.246035806	0.002681547	0	0.002046036	0.000620011	0.001100519	0.000108502	0.004448578	0	0	0	0.004743083	0.005363094	0.000418507	0	0	0	0.000511509	0	0.004464078	0.000124002	0.000604511	0	0.003968069	0.000356506	0	0.002449043	0	0.001100519	0	0.000604511	0	0	0.000139502	0.000108502	0	0	0	0.00285205	9.30016275284818e-05	0	0.000232504	0.000744013	6.20010850189878e-05	0	0.002356041	0	0	0	0.000186003	0	0.003580563	0	0.000108502	0	0	0.000604511	0	0.000263505	0.008974657	0.000465008	0.022134387	9.30016275284818e-05	0.000279005	0.000294505	0	0	0.000728513	0	0.002790049	0.000108502	0.003317058	0.000170503	0	0.000170503	0	0.00399907	0.000186003	0	0	0.000449508	0.000217004	0	0	0	0.052065411	0.051817407	0	0.000232504	7.75013562737348e-05	0	0.000155003	0.000418507	0.000697512	0	0.001023018	0	0.000155003	0	0.001906533	0	0.000155003	0	0.007393629	0.000232504	0.000124002	0.000279005	0.000186003	0.000108502	0.001193521	9.30016275284818e-05	6.20010850189878e-05	0.00683562	7.75013562737348e-05	0	0.04912036	0.000124002	0	0.000403007	0.000635511	0.00058901	0	0	0.001844532	0.000155003	0.001441525	0.000635511	0.025497946	0.001271022	0	6.20010850189878e-05	0	0.001519027	7.75013562737348e-05	6.20010850189878e-05	0	0	0	0	0	0.000449508	0	0	0.000294505	0	0	0.000527009	0.000108502	9.30016275284818e-05	0.000325506	0	0	0	0	0	0.000527009	0	0.000124002	0.001255522	0.001302023	9.30016275284818e-05
SRR36490881	control	0.000739884	0	0.014473988	0	0	0	0.000138728	0.00249711	0.000847784	0.000847784	0	0.003745665	0.000786127	0	0	0	0.000231214	0	0	0.000231214	0	0	0	0	9.2485549132948e-05	0	0	0	0	0.000184971	0	0	0.000755299	0	0.001371869	0	0	0	0	0.001710983	0.004331407	0	0	0	0.002913295	0.000770713	0	0	0	0.000138728	0	0.00383815	0	0	0	0.001587669	0	0	0.005641618	0	0	0.001248555	0	0.001479769	0.001526012	0.001078998	0	0.0002158	7.70712909441233e-05	0	0	0	0	0	0.000169557	0	0	0	0	0	0	0.000231214	0	0	0	0	0	0	0	0.003915222	0.000184971	0.001495183	0.001726397	0	0.006088632	0	0	0.000184971	0	0.000847784	0	0	0	0.002188825	0	0.000231214	0	0	9.2485549132948e-05	0	0	7.70712909441233e-05	0.0002158	0.0001079	0.000292871	0.000184971	0	0.000123314	0.005795761	0.000138728	0.000277457	0	0.000416185	0.000909441	0	0.000277457	0.001109827	0	0	0	0.000200385	0	0.000184971	0	0	0.002959538	0.000277457	0	0	0.000138728	0	0	0	0	0.788285164	0	0	0	0	0.000123314	0	0	0	0	0	0	0	0.00499422	0.000246628	0	0	0	0	0	0.000169557	0	0.008292871	0.000447013	0	0	0	0.000354528	0.000123314	0	0.000246628	0	0.000323699	0	0	0.002759152	0	0	0.005410405	0.00332948	0.004146435	0.000308285	6.16570327552986e-05	0	0	0	0.004593449	0	0	0	0.000431599	0.012285164	0	0.000184971	0	0	0	0.000385356	0	0	0	0	0	0	6.16570327552986e-05	0	0	0.000123314	0	0	0	0	0.000570328	0	0	0	0	0	0.000971098	0	0	0	0	0	0.000416185	0	0.004685934	0	0.002065511	0	0	6.16570327552986e-05	0	0.003052023	0.018712909	0.000138728	0	0	0.000416185	0.002882466	0	0	0	0.001078998	0.000262042	0	0	0	0	0	4.6242774566474e-05	0.000554913	0.021703276	0.00072447	0	0	0	0	0	0.000123314	0.000339114	0	0.000246628	4.6242774566474e-05	0	0	0.000138728	9.2485549132948e-05	0	0	0.000246628	0	0	0	0	0	0	0.000739884	0	0.00083237	0	0	0.002620424	0	0	0	0.0001079	0	0	0	0	0	0	0	0.002327553	0	0	0	0	0.001926782	0	0	0	0.0002158	0.000508671	0.000262042	0	0	0	0.001109827	9.2485549132948e-05	0.000184971	0.0001079	0	0	0	0	0	0	4.6242774566474e-05	0	0.000184971	0	0	0	0.006921002	0	0
SRR36490882	disease	0	0	0.00669484	0.001684602	0	0	0.000174269	0.004865014	0.000275926	0.00053733	0	0	0	0.00042115	0.000261404	2.90448597859394e-05	0.000290449	0.000116179	0.000769689	0	0	0	0	7.26121494648485e-05	0	0.000130702	0.000130702	0	0	0	0.000130702	0.000159747	0	0	0.007943769	0	0.002919008	0.002381679	0.011037047	0	0	0.00214932	0	0.000203314	0.000392106	0	0	8.71345793578182e-05	0.000145224	0.001161794	0	0.00053733	0.005300687	0.000188792	0.000159747	0.000334016	0	0	0.000697077	0	0	8.71345793578182e-05	0	0	0	0	0	0	0	0.000348538	0.000159747	0.000145224	0	8.71345793578182e-05	0	0.000101657	0	0	0.001728169	0.003238502	0	0	0	0	0.000363061	0.000145224	0.000929436	0	0.000726121	0	0	0.0854645	0	0.000217836	2.90448597859394e-05	0.000130702	0.000261404	0	0	0	0	0	0	0.001103705	0.001946006	0.0046617	0.005474956	0	0	0	0	0	0	0.000159747	0	0	0.000145224	0	0	0.000130702	0.001176317	0	0	0	0	0	0	0	0	8.71345793578182e-05	0	0.000246881	8.71345793578182e-05	0.000900391	0.005925151	0.002221932	0	0.001757214	0.000174269	0.001931483	0.000842301	0.000130702	0	0	0	0	0.001307019	0	0	0	0	0	0	0	0.000304971	0.011008002	0.000145224	0.000638987	0	0.000784211	0.000668032	0.000522807	0.001031093	0.003456338	0	0	0	0	0.002468813	0.006898154	0	0.2672708	0	0	0	0.002541425	0	0	0.007580708	0	0	4.35672896789091e-05	0	0.000304971	0	0	0	0	0	0	0.000566375	0	0	0	0	0	0	0	0	0	7.26121494648485e-05	0	0	0	0	0	0	0.001350586	0	0	0	0	0	0.00107466	0.000101657	0.000174269	0.013491337	0	0	0	0	0	0	0	0.000668032	0.000174269	7.26121494648485e-05	0.001045615	0	0.000842301	0.00059542	0	0.000624464	0	0.000304971	0.000377583	0	0	0	0	0.003441816	0.00095848	0	4.35672896789091e-05	0.000275926	0	0	0.000159747	0	0	0	0	0	0	0	0	0.002948053	0.07913272	0	0.000174269	0	0	0.000377583	0.00059542	8.71345793578182e-05	0	0	0	0	0	0.000377583	0	0	0	0	0.001161794	0	0	0	0.000232359	0	0	5.80897195718788e-05	0.332563645	0.000348538	0	0.05653582	0	0	0	0	0.000275926	0	0	0.001176317	0.000174269	0.001510333	0.001510333	0.000784211	2.90448597859394e-05	0	0	0.000101657	0.001190839	0	0	0	0	0	0	0	0	0	0	0	0	0	0	0	0	0.000929436	0.00042115	0.000130702	0	0	0	0	0	0	0.002831874	0.005300687	0
SRR36490883	disease	0	0	0.002133417	0.001245687	0	0.000200455	0	0.081127132	0	0.00121705	0	0	0	0.000171819	0	0	0.000200455	0	0.000286365	0	0	0	0	7.15911856932175e-05	0	0	0.000114546	0	0	0	2.8636474277287e-05	0.000229092	0	0	0.004939792	0	0.001775461	0.001603643	0.01209891	0	0	0.001360233	0	0.001317278	0.001818416	0	0.000128864	0	0.000186137	0.00097364	0	0.000787503	0.0022766	0	0.000887731	0.000128864	0	0	0.000443865	0	0	0	0	0	0	0	0	0	0	0.000200455	0	5.7272948554574e-05	0	7.15911856932175e-05	0	0	0	0	0.000315001	0.00048682	0	0	0.000114546	0	5.7272948554574e-05	0	0.000343638	0	0.000515457	0	0	0.312352343	0	0	0	0.000257728	0.000272047	0	0	0	0	0	0	0.002104781	0.00276342	0.003593878	0.004839564	0	0	0	0	0	0	0.000544093	0	0	0.000658639	0	0	0.000443865	0.00073023	0	0	0	0.000229092	0	0	0	0	0	0	0.000372274	0.000128864	0	0.030354663	0.00097364	0	0.00130296	0.000114546	0.011683682	0.004095016	0.000286365	0	0	0	0	0.000601366	0	0	0	0	0.00146046	0.000644321	0.063257972	0.058260907	0.00592775	7.15911856932175e-05	0.001145459	0.000100228	0.000186137	0.000186137	0.000472502	0.000859094	0.002963875	0	0	0	0	0.001030913	0.004825246	0	0.010337767	0	0	0	0.001145459	0	0	0.058160679	0	0	5.7272948554574e-05	0.000501138	0.000229092	0	0	0	0	0	0	0.00073023	0	0.000329319	0	0.000128864	0	0	0.000114546	0	0	0	0	0	0	0	0	0	0.004596154	0	0	0	0	0	0.000458184	0	0	0.005741613	0	0	0	0	0	0	0	0.000887731	0.000343638	0.000128864	0.000630002	0	0.001188414	0.000472502	0	0.000529775	8.59094228318609e-05	0.003422059	0.000959322	0	0	0	0	0.00154637	0.004925474	0	0	0.000300683	0	0	0.000229092	0.000801821	0	0	0	0	0	0	0	0.003364786	0.087040564	0	4.29547114159305e-05	0	0	0.000357956	0.047021091	0	0	0	0	0	5.7272948554574e-05	0.000171819	0	0	0	0.000143182	0.000114546	5.7272948554574e-05	0	0	0.000143182	2.8636474277287e-05	0	0	0.044873355	0	0	0.065190934	0	0	0	0	0.000257728	0	0	0.000744548	0	0.001317278	0.000572729	0.002319554	0.000300683	0	7.15911856932175e-05	0	0.001503415	0	0	0	0	0	0	0	0	0	0	0	0	0	0	0	0	0.000844776	0.000801821	0	7.15911856932175e-05	0	0	0	0	0	0.000644321	0.002806374	0.000143182
SRR36490884	control	0	0	0.006653106	0.004816792	0.001115914	0	0	0.004647286	0.000169506	0.000593271	0.002344831	0.000127129	0	0	0	0	0.006907365	0	0	5.65019634432297e-05	0.000734526	0.000310761	9.88784360256519e-05	0	0	0	0	0	0	0.000169506	7.06274543040371e-05	0	0	0	0.000579145	0	0.000367263	0.000127129	0.000960533	0	0	0.021725005	0	0.00015538	0.04044128	0	0	7.06274543040371e-05	0.000240133	0.003658502	0	0.002175326	0.000211882	0	0.000367263	0.000494392	0	0	0.001793937	0	0.000211882	0.003079357	0	0	0	0.00100291	0	0	0.000141255	0	0	0	0.000324886	0	0	0	0	0	0	0	0.000762777	0	0	4.23764725824222e-05	0	0	0	0	0.002697969	0	0.001949318	0.169166879	0	0.000550894	0.000466141	0	0.001087663	0	0	0	0.000381388	0	0	0	0	0.01149815	0	0	0	4.23764725824222e-05	8.47529451648445e-05	0	0	0.002966353	0.001101788	0.000522643	0	0.016766958	0.001087663	0.009336949	0.019634432	0	0.001483177	0.000889906	0	0.000240133	0.006864989	7.06274543040371e-05	0.00015538	0	0	0.000127129	0.001539679	7.06274543040371e-05	0.025835523	0.097635393	0.000889906	0	0.000113004	0.003036981	0	0.000183631	0	7.06274543040371e-05	0.007161624	0	7.06274543040371e-05	0	0.000324886	0.006229341	0.000127129	0.000522643	0.000169506	0	0.000833404	0.015495663	0	0	0.003036981	0	0	7.06274543040371e-05	0	0	0.000141255	0.000211882	0.000113004	0.001271294	0	0	0	0.008150408	0.000324886	5.65019634432297e-05	0.000678024	0.000169506	0.00087578	7.06274543040371e-05	0.006370596	0.000127129	0	0	0.008884934	0.010608244	0.000254259	0	0	0.000141255	0.000113004	0.000296635	0.002966353	0.000183631	0	0.000550894	0.005424188	0	0.000268384	0.004703788	0.00028251	0.00043789	8.47529451648445e-05	2.82509817216148e-05	0	0	0	0	0	0	0	0.000324886	0	0	0	0.000183631	0	0	0.001680933	0	0	0	9.88784360256519e-05	0	0.000183631	0	0	7.06274543040371e-05	0	0.000211882	0	0.002344831	0.001652682	0.002245953	0.031415092	0	0.001709184	0.000423765	0	0	0.000423765	0	0.000268384	0	0.001243043	0.000169506	0	0	0	0.000466141	0	0	0	0.00100291	0	0	0	0	0.021315366	0.12718592	5.65019634432297e-05	0	0	5.65019634432297e-05	0.000127129	0.000635647	0.000268384	0	0	0	0.000324886	0.000353137	0.001200667	0	0	0	0.007232251	0	0.000353137	0	0	0	0	0.000367263	0	0.0079244	4.23764725824222e-05	0.000113004	0.167443569	0	0	0	0	0.000593271	0	0	0	0	0	0	0.036133006	0.003700879	5.65019634432297e-05	0	0	0.002712094	0	0	0	0	0	0	0	0.000268384	0	0	4.23764725824222e-05	0	0	0.000141255	7.06274543040371e-05	0	0	0	0	0	0	0	0.00056502	0	0	0.00028251	0.000183631	0
SRR36490895	control	7.66260038006498e-05	0	0.010911543	0.012689266	4.59756022803899e-05	0	0	0.001134065	0	0.000275854	6.13008030405198e-05	0	0	0	0	0	0	6.13008030405198e-05	0	4.59756022803899e-05	0	0	7.66260038006498e-05	0	0	0	0	0	0	0	0.000229878	0	0	0	0.004827438	0	0	0.000291179	0.000505732	0	0	0.002973089	7.66260038006498e-05	0.020076013	0.005930853	0	0.000107276	0	0.000306504	0.000214553	0	0.001639796	9.19512045607797e-05	0	0.000367805	0.000551707	0	0.000781585	0.002206829	0	0.000107276	0	0	0.000199228	0	0	0	0	0	0	0	0.005210568	0.001241341	0	0	0	0	0	0	0	0	0	0	9.19512045607797e-05	0	0	7.66260038006498e-05	0	0.000658984	0	0.000291179	0.134386685	0	0	7.66260038006498e-05	0	0.000122602	0	0	4.59756022803899e-05	0	0.000429106	0.002206829	0.003202967	0	0.257539999	0	9.19512045607797e-05	0	0	0	0.023141053	0	0.001210691	0	0.000122602	0	0.000153252	0.000490406	0.001930975	0.001287317	0	0	0.000536382	0	0	0.00035248	0	0	0	0	0.000199228	0.000919512	0	0.028474223	0.021378655	0.000122602	6.13008030405198e-05	0.001471219	0.00041378	0	0.000444431	0	0.000137927	0	0	0	0	0.000337154	0.000137927	0	0.000444431	9.19512045607797e-05	0	0.00038313	0.003984552	4.59756022803899e-05	0	0.000398455	0	0	0	0	0	0	0.000199228	0.000214553	0.000367805	0	0	0	0.026497272	0.000429106	0	0	9.19512045607797e-05	0.00041378	0.000107276	0.000873536	0	0	0	0.000551707	0.001241341	0.000321829	9.19512045607797e-05	0	0	0.000107276	0	0.001455894	0	0	0	0.000229878	0	7.66260038006498e-05	0.000229878	0.000337154	0.000137927	6.13008030405198e-05	0	0	0	0	0	0	0	0	0.000137927	0	0	0	0	0	0	0.000490406	0	0	0	7.66260038006498e-05	0	0.000260528	0	0	0.002452032	0	0.000321829	0	0.00418378	0.002421382	0.000168577	0.004842763	0	0.001976951	0.002329431	0	0	0.000107276	0	0.000199228	0	0.000490406	0	0	0	0	0.001210691	0	0	0	0.000183902	0	0	0	0	0.037531417	0.236146019	0	0	0	0	0	0.000153252	0.000107276	0.000214553	0	0	0	0.000934837	0.024382394	0	0	0	0.000490406	0	0	0	0	0	6.13008030405198e-05	0.000429106	0	0.009271746	0	0	0.052412187	0	0	0	0	0.005195243	0	0	0.000183902	0	0	0.000122602	0.007463373	0.001624471	0	0	0.000214553	0.002314105	0	0	0	0.000122602	0	0	0	0	0	0	0	0	0	0.000183902	0	0	0	0	0.002743211	0	0	0	0	0	0	0.000306504	0.000291179	0
SRR36490906	control	0	0.000978191	0.028122985	0.000889264	0	0.000155621	0	0.005580134	0	0.00275672	0	0	0	0.000733643	0	0	0	0	0	0	0	6.66948267046086e-05	6.66948267046086e-05	0	0	0	0.00055579	0	0	0.000533559	0.000444632	0	0	4.44632178030724e-05	0.00400169	0	0.004690869	0.004957649	0.022053756	0	0	0.000844801	0.000355706	0	0.001267202	0	0.000200084	0.002867878	0	0.000755875	0	0.008670327	0.006625019	0.000422401	0.000289011	0.005202196	0	0	0.014317156	0	0	0.000266779	0	0	0	0	0	0	0	0.000466864	0.000644717	0	0.001200507	0.000111158	0	0.000355706	0	0	0.000600253	0.000844801	0	0	0	0	0.000511327	0.000466864	0.000155621	0.000200084	0.000867033	0	0	0.073475467	0	0.000733643	0	0.000578022	0.00111158	0.000266779	0	0	0	0	0	0	0.001956382	0.045997199	0.003912763	0	0	0	0.000111158	0	0	6.66948267046086e-05	0	0	0.000111158	8.89264356061448e-05	8.89264356061448e-05	0.000266779	0.000200084	0	0.00013339	0.000377937	0.000333474	0.000155621	0.000311243	0	0	0	0	0.000155621	0	0	0.010982415	0.003334741	0	0.004112848	0.00068918	0.001422823	0.000289011	0.002912341	0	0.012316311	0.006469398	0	0.001333897	0	0	0	0	0.001600676	0.000244548	0	0.003090194	0.008870412	0.000155621	0.00055579	0	0.000400169	0.000444632	0.001845224	0.000711411	0.001845224	0	0	0	4.44632178030724e-05	0.00082257	0.000489095	0	0.02445477	0	0	6.66948267046086e-05	0	0.000244548	0	0.003156888	0	0	0	0.000177853	0	0	0	0	0	0	0	0.006513861	0	0.000466864	0.000622485	0	0	0.008670327	0	0.000377937	0	0	0	0	0	0.000111158	0	0	0.000289011	0	0	0	0	0	0.00124497	0	0.000311243	0.022276072	8.89264356061448e-05	0	0.000155621	0	0	0	0	0.001867455	0.000111158	0	0.004690869	4.44632178030724e-05	0.002667793	0.007958916	0	0.000955959	0	0.001622907	0.005491207	0	0	0	0.000400169	0.007247505	0.002912341	0	0.000333474	0.000578022	0	0.000289011	0.004290701	0	0.000311243	0	0	0	0.000111158	0	0	0.01396145	0.371379027	0	6.66948267046086e-05	0	0	0.000444632	0.001956382	0.000666948	0	0	0	0	0.000889264	0.00068918	0	0	0	0	0.001022654	0	0	0	0	0.000200084	0.001044886	0	0.006536093	0.000422401	0	0.136502079	0	0	0	0	0.00068918	0	0	0.001845224	0.000444632	0.004535248	0.002467709	0.001845224	6.66948267046086e-05	0	0.000222316	0	0.00206754	0	0	0	0	0	0	0	0	0	0	0	0	0	0.002023076	0	8.89264356061448e-05	0.002312087	0.001578444	0	0.004668638	0	0	0	0	0	0.001200507	0.005958071	0.000533559
SRR36490907	control	0.001332111	0.000173001	0.009445877	0	0.000847707	0.000155701	0	0.000276802	0.001851115	0.000294102	0.000397903	0.003269726	0.000346003	0	0	0.00121101	0.002992924	0	0	0.000242202	0.000501704	0.001072609	0.000190302	0	0	0	0	8.65007006556753e-05	0.000224902	0.000173001	0	0	0.000519004	0	0.000138401	0	0.000138401	0.000484404	0.001626213	0.005328443	0.000276802	0.010483885	0	0	0.063301213	0.000916907	0	0	0	0	0	0.00371953	0.000467104	0	0	0.001505112	0.000899607	0	0.003338927	0.000328703	0	0.015449025	0.000709306	0.003425428	0.00126291	0.014497517	0.000519004	3.46002802622701e-05	0.000346003	0.000103801	0	0.00249122	0	0	0	0	0.000173001	0	0	0	0.001089909	6.92005605245403e-05	0	0	0	0	0	0	0.002958324	0.003010224	0.008321367	0.00370223	0.001712714	8.65007006556753e-05	0.00738716	0	0	0.000155701	0.000328703	0.00122831	0	0	0	0.000276802	0	0.002906424	0	0	0.000103801	0.000380603	0	0.007785063	0.000674705	0.001107209	0.000346003	0.000605505	0	0.007698562	0.012715603	0.004169334	0.019237756	0	0.000761206	0.013736311	0	0.010777987	0.019825961	0.001539712	0.000190302	0	0.00124561	0	0.080411051	0.003477328	0.000242202	0.135736899	0.003373527	0.000449804	0	0	0	0	0	0	0	0	0.000415203	0	0.000484404	0.002612321	0.000397903	0	0	0	0.000207602	0.000363303	0	0	0.001453212	0	0.000276802	5.19004203934052e-05	0	0	0.000294102	0	0.00494784	0.004498036	0	0	0	0.006989257	0.008373268	0.000449804	0.005847447	0	0.00243932	0	0.000138401	0.000709306	0.000242202	0	0.027749425	0.014220715	0.016711935	0.000207602	0.000242202	0	0.000449804	0.000397903	0.003217826	0	0	0	0.001954916	0.000363303	0	0.004567237	0	0.000449804	0	0.001643513	0	0	0	0	0	0	0	0.006504853	0	0.000138401	0	8.65007006556753e-05	0	0	0.000519004	0	0	0	0.000605505	0	0.003806031	0	0	0	0	0	0.003269726	0	0.003287027	0.000449804	0.075013408	0	0	0	0.000484404	0.003114025	0.036693597	8.65007006556753e-05	0.000138401	0	0.012058198	0.004601837	0	0.000363303	0	0.000415203	0.000121101	0	0.000190302	0.006885456	0	0	0	0	0.083871079	0.001003408	0.000519004	0	5.19004203934052e-05	0.000934208	0	3.46002802622701e-05	0.000813107	0	0.000519004	0.000190302	0.002733422	0	0.000726606	0.000224902	0	0	0.004376935	0.000190302	0.000536304	0	0	0	0	0	0	0.000501704	0	0	0.048267391	0	0	0.000674705	0.001089909	0	0	0.000259502	0	0	0.001072609	0	0.052903829	0.00119371	0.000103801	0	0	0.001435912	6.92005605245403e-05	0.000138401	0.000224902	0	0.000536304	0	0.000224902	0.000103801	0.000311403	0.000294102	0.000657405	0	0.000934208	0.000121101	0	0.000346003	0	0	0	0.000397903	0.000743906	0.000103801	8.65007006556753e-05	0.000882307	0	0	0	0
SRR36490908	control	0.005197187	0.000305717	0.023469652	0	0.001011217	0	0	0.000893634	0.002539802	0.002116502	0	0.00816029	0.001693201	0	0	0.008254356	0	0	0	0.000188133	0	0	0	0.000446817	0.000329234	0	0	0.000188133	0	0	0	0	0.001928368	0	0.000517367	0	0	0	0	0.028078922	0.004938504	0.002963102	0	0	0.00453872	0.000964184	0	0	0	0	0	0.014321661	0	0	0	0.00390377	0.00021165	0	0.013451544	0	0.000446817	0.023634269	0.00035275	0.001763751	0.002304635	0.007736989	0.003033652	0	0	0	0	0.007125556	0	0	0.001458034	0	0.000917151	0	0	0	0.000399784	0.000164617	0	0	0	0	0.000517367	0	0.000705501	0.013663194	0.00376267	0.001599135	0.015097712	0	0.015473979	0	0	0.000446817	0.000776051	0.001128801	0	0	0	0	0	0.001857818	0	0	0.000329234	0.000258684	0	0	0	0.001081768	0.002328152	0	0	0.002751452	0.037132846	0.001222868	0.00397432	0.00021165	0.000823084	0.009265574	0	0.005949721	0.005502904	0.000399784	0	0	0.001081768	0	0.164546246	0	0	0.005808621	0.003997836	0	0	0	0	0	0.00049385	0	0	0	0	0.00063495	7.055005526421e-05	0.000164617	0.00362157	0	0	9.406674035228e-05	0.000517367	0	0	0	0.001693201	0	0	0.0005644	0	0	0.0004233	0	0.013498577	0.001528585	0	0	0.000517367	0.015756179	0.000446817	0.003503986	0.000964184	0	0.001081768	0	0	0.008254356	0.000611434	0	0.010394375	0.010065141	0.023634269	0.002869036	0.002140018	0.000399784	0.000540884	0	0.008771724	0.000305717	0	0	0.005009054	0.011593726	0	0.002422219	0	0.00049385	0	0.000164617	0	0	0	0	0	0	0.000164617	0.000446817	0	0.000776051	0.0001411	0	0	0	0	0	0	0	0.001599135	0.000587917	0.012440326	0	0	0	0	0	0.005832138	0	0.017802131	0.000587917	0.001434518	0	0	0	0.003433436	0.014956612	0.242386473	0	0	0	0.001199351	0.02930179	0	0	0	0.004138937	0	0	0	0.001434518	0.000446817	0	0	0.0002822	0.003315853	0.002469252	0	0	0	0.002210568	0	0	0.000752534	0	0.00035275	0.00021165	0	0	0.000752534	0.000705501	0.00035275	0	0.001622651	0	0	0	0	0	0	0.001316934	0	0	0	7.055005526421e-05	0.006655222	0	0.00063495	0.00397432	0.000846601	0	0	0.003033652	0	0	0	0	0.003409919	0.00049385	0.00049385	0	0	0	0	0	0.000752534	0.000446817	0	0.00021165	0	0.001034734	0.000117583	0.000823084	0.001951885	0	0.0001411	0	0.000611434	0.001975402	0	0	0	0.00021165	0	0.000893634	0.000517367	0.002045952	0.000305717	0	0	0
SRR36490909	control	0.001829268	0	0.149288618	0	0.001422764	0	0	0.007215447	0.003861789	0.004573171	0.000406504	0.008231707	0.00254065	0	0	0.001829268	0.00050813	0.001321138	0	0	0.001117886	0	0	0	0	0	0	0	0.000609756	0.002337398	0	0	0.004776423	0	0.009857724	0	0	0.000711382	0	0.008536585	0.001829268	0.007215447	0	0	0.005386179	0.001829268	0	0	0	0	0	0.043191057	0	0	0	0.003658537	0.005487805	0	0.038414634	0	0.00152439	0.006402439	0	0.003252033	0	0.005182927	0.001829268	0.001422764	0	0	0	0.031808943	0	0	0	0	0	0	0	0	0	0	0	0	0	0	0	0	0.000813008	0.016361789	0.001321138	0.018699187	0.028760163	0	0.020630081	0	0	0	0.001117886	0.00254065	0	0	0	0.001219512	0	0.009044715	0	0.000609756	0.000813008	0.00152439	0	0.001930894	0	0.00050813	0.000304878	0.000406504	0	0.002235772	0.009756098	0	0.002337398	0	0.00152439	0.001219512	0	0.002947154	0	0	0.000406504	0	0	0	0.032113821	0.000406504	0.002845528	0.020325203	0.000304878	0	0	0.003150407	0	0	0.000914634	0	0	0	0	0	0	0	0	0.002947154	0	0	0	0	0	0	0	0	0	0	0	0	0	0	0.000304878	0.000304878	0	0	0	0.017987805	0	0.006402439	0.00101626	0	0.000914634	0	0.002845528	0.003861789	0	0	0.001422764	0.003861789	0.021443089	0.010873984	0	0	0.000609756	0	0.040243902	0	0	0	0.004674797	0.018699187	0	0	0	0	0	0.001829268	0	0	0	0	0	0	0.003658537	0.00304878	0	0.002743902	0	0	0	0	0	0	0	0	0.001727642	0	0.000711382	0	0	0	0	0	0.005894309	0	0.026930894	0	0.01504065	0.00050813	0	0	0.000711382	0.041971545	0.094308943	0.001727642	0	0	0.003150407	0.002947154	0	0	0	0.008231707	0.007926829	0.000609756	0	0.001727642	0	0	0	0.003658537	0.020630081	0.005792683	0	0	0	0	0	0.002642276	0	0	0	0	0	0	0.001829268	0.001117886	0	0	0.001727642	0	0	0	0	0.003963415	0.000406504	0.001829268	0	0.001321138	0	0	0.017581301	0	0.001626016	0.002743902	0	0	0	0.00304878	0	0	0	0	0.000711382	0	0	0	0	0.002235772	0	0	0	0	0.002439024	0	0	0	0.001930894	0.000406504	0	0	0	0.000304878	0	0	0	0.000711382	0	0	0	0.00050813	0	0	0.00050813	0	0	0
SRR36490910	disease	0.006584186	0.000543827	0.051760639	0	0.001243032	0	0	0	0.004292346	0.002194729	0	0.003068736	0.001126498	0	0	0.000874007	0.003010469	0	0	0.000718628	0.000135957	0.002563754	0	0.001029386	0.000485559	0	0	0.000116534	0	0.000893429	0	0	0.000563249	0	0.000213646	0.00040787	0	0	0	0.015770971	0.002505487	0.035173927	0	0	0.037737681	0.000602094	0	0	0.000174801	0	0	0.025928875	0	0	0	0.009575233	0.000563249	0	0.02596772	0.000640938	0	0.014391982	0.000990541	0.00163148	0.004136967	0.007710684	0.000310758	0	0.000679783	0	0	0.000524404	0	0	0.000291336	0	0	0	0	0	0.000796318	0.000194224	0	0	0	0	0	0	0.002000505	0.007885486	0.012527434	0.002194729	0.006020937	0	0.009983103	0	0	0	0.000291336	0.002524909	0.001029386	0	0	0	0	0.000660361	0	0	0.000757473	0	0	0.000174801	0	0.001806281	0	0.001650902	0	0.003476606	0.01126498	0.000776895	0.025423893	0	0.004350613	0.010274438	0	0.008604114	0.003360071	0.000446715	0	0	0.000776895	0	0.022024977	0.00040787	0.000310758	0.123681706	0.003457183	0	0	0	0	0	0	0	0.005787869	0	0	0.000912852	0.002330685	0.000116534	0.000932274	7.7689513857867e-05	0	0	0.000485559	0	0	0	0.004389458	0	0	0	0	0	0	0	0.006409385	0.004136967	0	0	0	0.001009964	0.00244722	0	0.004117544	0	0.001243032	0	0	0.001612057	0	0	0.018159924	0.019616602	0.038339775	0.00033018	0	0.000116534	0	0	0.023384544	0.000757473	0	0	0.014430827	0.001922815	0	0.00081574	0	0.000543827	0	0.001883971	0	0	0	0	0	0	0.00081574	0.002486064	0	0	0.001048808	0.000621516	0	0	0	0	0	0	0.001087653	0	0.002097617	0	0	0	0	0	0.004039855	0.000504982	0.014353138	0.007652417	0.039699342	0	0	0	0.005030396	0.005263465	0.093751821	0.000369025	0	0	0.009439276	0.011498048	0	0	0	0.003690252	0	0	0	0.00751646	0.001204187	0	0	0	0.021170393	0.005496533	0.000543827	0	0	0.000446715	0	0	0.000718628	0	0.000660361	0	0.001359566	0	0.001107076	0	0.000155379	0	0.010895954	0	0.00033018	0.000194224	0	0	0.000194224	0.000699206	0	0.000582671	0	0	0.017033426	0	0.000699206	0.000135957	0.003127003	0	0	0.000602094	0	0	0.000155379	0	0.018431837	0.000602094	0	0	0	0.000582671	0.000155379	0	0	9.71118923223338e-05	0.000427292	0	0	0	0	0.002097617	0	0.000466137	0.000504982	0.000679783	0.000116534	0.001806281	0	0	0	0	0.001301299	0	0.000291336	0.001378989	0	0	0	0
SRR36490911	disease	0	0	0.094368768	0	0	0	0	0.001165567	0.001123438	0.014492347	0.000322988	0.001025137	0	0.001011094	0.00089875	0.000688106	0.002303047	0	0.00245752	0	0.001207696	0	0	0	0	0	0.026119927	0	0	0.007007443	0	0	0	0	0.001586856	0	0.001980059	0.001530684	0.015236624	0.007063615	0	0.001446426	0.000674063	0	0.014801292	0	0.000786406	0	0	0.000940879	0.001151524	0.107260216	0.002611993	0	0	0.043168094	0	0	0.104858868	0	0	0.002864766	0	0	0	0.002696251	0	0	0.001867715	0	0	0	0	0	0	0	0	0	0	0	0.000463418	0	0	0	0	0.003665216	0	7.02148574638394e-05	0	0.000884707	0	0.005238028	0	0	0.008706642	0	0	0	0.003187755	0	0	0	0	0	0	0.028380845	0	0	0	0	0	0.00789215	0	0	0	0.000266816	0	0	0.003707344	0.000870664	0.004212891	0	0	0.003693302	0	0.000491504	0.003679259	0	0	0	0	0	0.001586856	0	0	0.02485606	0.000828535	0.004634181	0	0	0	0	0	0	0	0	0.004240977	0	0	0	0	0	0	0	0	0.001137481	0.001516641	0	0.001081309	0.003145626	0.000828535	0	0	0	0	0	0.000533633	0.004297149	0	0	0	0.002218789	0.0034967	0	0.00155877	0	0	0	0	0	0	0	0.005518888	0.000912793	0.005659318	0	0	0	0	0	0.088498806	0.000884707	0	0.000744277	0.000421289	0	0	0	0	0.001755371	0	0.001671114	0	0	0	0	0	0	0	0.004704395	0	0	0	0.000252773	0	0.001123438	0.004732481	0	0.001951973	0	0	0.00453588	0.000421289	0	0	0	0	0	0	0	0.0596405	0	0.009745822	0	0	0	0	0.000940879	0.02575481	0.001165567	0.001994102	0	0	0	0	0	0	0.019702289	0	0	0	0.008594299	0	0	0.000449375	0	0.099747227	0.000505547	0	0	0	0.001137481	0.00051959	0	0.001137481	0	0	0	0	0	0.001249824	0	0	0	0.001769414	0	0	0	0	0	0.002134532	0.000814492	0.000252773	0	0	0	0.015770257	0	0	0	0	0	0	0	0.001151524	0	0.003595001	0.001853672	0.009577307	0	0	0	0	0.001572813	0	0	0	0	0	0	0	0	0	0	0.001769414	0	0	0	0	0	0.001755371	0	0	0	0	0	0	0	0	0	0.003229883	0.000589805
SRR36490912	disease	0	0	0.12357217	0.011033229	0	0.000700935	0	0.000519211	0.001713396	0.020430945	0	0	0	0	0	0.000337487	0.000181724	0	0	0	0	0.000752856	0	0	0	0	0	0	0	0.002076843	0	0	0	0	0	0	0.001064382	0	0	0	0	0.0105919	0	0	0.022352025	0	0.000441329	0	0	0.000415369	0	0.091588785	0	0	0	0.02069055	0	0	0.031178609	0.000259605	0	0.003296989	0	0	0.000804777	0	0	0	0	0	0	0	0	0	0	0	0.000155763	0	0	0.000181724	0	0	0.000441329	0	0	0	0	0	0.002673936	0	0.002232606	0.039382139	0	0	0.000882658	0	0.000259605	0.000908619	0	0	0	0	0	0	0	0.020249221	0.00096054	0	0	0	0	0	0	0.001168224	0	0	0	0.000882658	0.003582555	0.000337487	0.011318795	0	0.002232606	0.003504673	0	0	0.001142264	0	0	0.000856698	0	0	0	0	0.009267913	0.058333333	0.000129803	0.000363448	0	0.001531672	0	0	0	0	0.007658359	0	0	0	0	0.00194704	0	0.001869159	0	0	0.001168224	0.007658359	0	0	0.000882658	0	0	0.000441329	0	0	0	0	0.002985462	0.002985462	0	0	0	0.005114226	0.002855659	0	0.000363448	0	0	0.000259605	0.004854621	0	0	0	0.003971963	0.008255452	0	0	0	0	0	0	0.090498442	0	0	0	0.00288162	0	0	0	0	0	0	0	0	0	0	0	0	0	0	0.001194185	0	0	0	0.001090343	0	0	0.002284528	0	0	0	0	0	0	0	0	0	0	0	0.001817238	0.000830737	0.033021807	0.002544133	0.008047767	0	0.000778816	0.002128764	0	0	0.001298027	0.000623053	0.000830737	0	0.005347871	0	0	0	0	0.004413292	0	0	0	0	0	0	0	0	0.120950156	0.091095535	0	0	0	0	0.000441329	0	0.001583593	0	0	0	0.000233645	0	0.001090343	0	0	0	0.002336449	0	0	0	0	0	0.000233645	0.00334891	0	0.002544133	0.000285566	0	0.030477674	0	0	0	0.002492212	0	0	0	0.002024922	0	0.000337487	0	0.010332295	0.002154725	0	0	0	0.002362409	0	0	0	0	0	0	0	0	0	0	0	0	0	0.000519211	0	0.005088266	0	0	0	0	0	0	0	0.000181724	0	0	0	0
SRR36490913	disease	0	0.002251407	0.204315197	0	0	0	0	0	0	0.030501206	0	0	0	0	0	0	0.005521308	0	0	0.001313321	0.001286518	0	0	0	0	0	0	0	0	0.003028679	0.000134012	0	0	0	0	0	0	0	0	0	0	0.01575985	0	0	0.016403109	0	0.00021442	0	0	0.000750469	0	0.120128652	0.001527741	0	0	0.028464219	0	0	0.10608416	0	0	0.00227821	0.000938086	0	0	0	0	0	0	0	0	0	0	0	0	0	0	0.000268025	0	0	0.002144197	0	0	0	0	0	0	0	0.001527741	0	0.002171	0.00989011	0	0	0	0	0	0.000696864	0	0	0.000509247	0	0	0	0	0.000241222	0	0	0	0	0	0	0	0.001098901	0	0	0	0.000884481	0.001715358	0.000938086	0.009916912	0	0.008335567	0.006861431	0	0	0	0	0	0	0	0.004690432	0	0	0.001045296	0.040686143	0.002144197	0.000911284	0	0	0	0	0	0	0.002867864	0	0	0	0	0	0	0	0	0	0.000428839	0.00174216	0	0	0.001527741	0	0	0	0	0	0	0	0.001420531	0.002144197	0	0	0	0.000643259	0.000750469	0	0	0	0	0	0.003537925	0	0	0	0.000696864	0.001822568	0.002948271	0	0	0	0	0.001474136	0.073921201	0.002144197	0	0	0.001661753	0	0	0.000750469	0	0.000616457	0	0	0	0	0.000589654	0	0	0	0	0	0	0	0	0	0	0	0.001018494	0	0	0	0	0	0	0	0	0	0	0	0	0	0.073090324	0	0.005467703	0	0	0	0	0	0	0.002305012	0	0	0.002010185	0	0	0.00195658	0	0.013079603	0	0	0	0.000911284	0	0	0	0	0.10163495	0.014366122	0	0	0	0	0	0	0	0	0	0	0	0	0	0	0	0	0.000589654	0	0.001822568	0	0	0	0.001876173	0.002117395	0	0.002546234	0.00021442	0	0.019753417	0	0	0	0	0	0	0	0	0	0	0	0.010667381	0	0	0	0	0.000589654	0	0	0	0	0	0	0	0	0	0	0	0	0.000830876	0.001045296	0	0.001420531	0	0	0	0	0	0	0	0	0	0	0.001420531	0
SRR36490914	disease	0.011285372	0	0.008833658	0	0.000991915	0	0	0	0.001946399	0.000393023	0	0.016319808	0.001534661	0	0	0.001160353	0.000636323	0	0	0	0	0.000355592	0.000149723	0	0.000205869	0	0	0	0.000318161	9.35768827668813e-05	0	0	0.0009732	0	0.000168438	0	5.61461296601288e-05	0	0	0.018939961	0.001908968	0.00643809	0.000355592	0	0.019445276	0.008646504	0	0	0	0	0	0.002657583	0	0	0	0.000786046	0.003013176	0	0.003069322	0.000336877	0	0.017723462	0.000430454	0.005726905	0.00421096	0.012333433	0.000692469	0.000879623	0	0	0	0.001946399	0	0	0	0	0	0	0	0	0.000673754	0.000168438	0	0	0	0	0	0	0.000580177	0.017536308	0.006980835	0.000580177	0.019164546	0	0.0174053	0	0	3.74307531067525e-05	0.001197784	0.001291361	0.000205869	0	0	0	0	0.001066776	0	0	0.001628238	0.0002433	0	0.000617607	0.0002433	0.000692469	0.000355592	0.000505315	0	0.001272646	0.038141937	0.001946399	0.006456805	0.0002433	0.003799221	0.006419374	0	0.001310076	0.005783051	0.000692469	0	0	0.001029346	0	0.219943105	0.000524031	0.000467884	0.023899536	0.001871538	0	0	0	0	0	0.000131008	0	0	0	0	0	0	0.00076733	0.000804761	0	0	0	0	0.000131008	0	0	0.001328792	0	0	0	0	0	0	0	0.010125019	0.003200329	0	0	0	0.000168438	0.000786046	0.001553376	0.000636323	0	0.003668214	0	0.000280731	0.000355592	0.000224585	0	0.010293457	0.007430004	0.026164096	0.002021261	0.000355592	0.000823477	0.000935769	0	0.001834107	0	0	0	0.002301991	0.003686929	0	0.001553376	0	0.000393023	0	0.002283276	0	0	0	0	0	0	0.000224585	0.000692469	0.000205869	0.003911514	0	0	0	0	5.61461296601288e-05	0	0	0	0.000879623	0	0.008796227	0	0	0	0	0	0.015009732	0.000205869	0.00275116	0.000224585	0.016506962	0	0	0	0.009600988	0.012838748	0.203454859	0	0	0	0.003686929	0.020755353	0	0	0	0.000374308	0.000131008	0.000336877	0	0.00149723	5.61461296601288e-05	0	0	0.000336877	0.023375505	0.004341967	0	0	5.61461296601288e-05	0.001834107	0	0.000112292	0.000636323	0	0.0007299	0.000505315	0.000168438	0	0.000467884	0.002039976	0	0	0.001085492	0	9.35768827668813e-05	0.000149723	0	0	0	0.000187154	0	0	0	0	0.009769427	0	0.000655038	0.001384938	0.000617607	0	0	0.001777961	0	0	0	0	0.006101213	0.000112292	0.000355592	0	0	7.4861506213505e-05	0.001085492	0.000112292	0.000505315	0	0.0002433	0	0	0.000168438	0.000524031	0.004323252	0.000692469	0.000561461	0.001291361	0.0002433	9.35768827668813e-05	0.004416829	0	0	0	0	0.000355592	0.000131008	0.000187154	0.001609522	0.000112292	0	0	0
SRR36490915	control	0	0	0.010996589	0.006187849	0	0.000362924	0	0.022192785	0	0.000653263	0	0	0	0	0	0	0.005679756	0.001869057	0	0	0.000362924	0.000181462	5.44385570153154e-05	0	0	0	0	0	0	0.000163316	0.000127023	0	0	0	0.000272193	0	0.000108877	0	0.001252087	9.0730928358859e-05	0	0.008437976	0	0.001034333	0.020650359	0	0.0002359	0.000108877	0.00038107	0.006115265	0	0.001451695	0.000562532	0	0.000453655	0.000671409	0	0	0.001197648	0	0	0.000508093	7.25847426870872e-05	0	0	0	0	0	0	0	0	0	0.002195688	0	0	0	0	0	0	0	0.000272193	3.62923713435436e-05	0	0.000181462	0	0	0	0	0.003992161	0	0	0.205578137	0	0.000290339	0	0	0.00313929	0	0	0	0.001016186	0	7.25847426870872e-05	0	0	0.016712637	0	0.000145169	0	0	0	0	0.000127023	0.001342818	0	0.000344778	0	0.004826885	0.000272193	0.006478188	0.00780286	0	0.000163316	7.25847426870872e-05	0.000108877	9.0730928358859e-05	0.000671409	0	0.000254047	0	0	0.000852871	0	0	0.036655295	0.021938738	0.000344778	0.000272193	0.000308485	0.002939682	0	0.001415402	0	0	0	0	0	0	0.000489947	0.000871017	0	0.003357044	0.000417362	0.000272193	0.003774407	0.021412499	0	0.009327139	0.000925455	0	0	0	0	0	0	0.000108877	3.62923713435436e-05	0.001270233	0.000326631	0	0	0.008837192	0	0	9.0730928358859e-05	0.000217754	9.0730928358859e-05	0.000163316	0.004627277	0	0	0	0.004409523	0.007367351	0	0	0	0	0	0	0.000689555	0	0.002123104	0	0.001687595	0	0	0.000689555	0	0	0	0	0	0	0	0	0	0	0	5.44385570153154e-05	0	0	0	0	0	0	0.001179502	0	0	0	0	0	0	0	5.44385570153154e-05	0.000435508	0	0	0	0.003302606	0.001360964	7.25847426870872e-05	0.008002468	9.0730928358859e-05	0.00413733	0.002885244	0	0	0	0	0.000580678	0	0	0	0	0	0	0.000453655	0	0	0	0	0	0	0	0	0.084797126	0.142647166	0	0	0	0	0	0.005788633	0	0.000145169	0	0	0	0.000127023	0.000780286	0	0	0	0.009018654	0	0.000108877	0	0	0	0	0	0	0.028271757	0	0	0.10247151	0	0	0	0	0.000780286	0	0	0.000326631	3.62923713435436e-05	0.000272193	0.000399216	0.074762285	3.62923713435436e-05	0	0	0	0.032409088	0	0	0	0	0	0	0.000108877	0	0	0	0	0	0	0.000108877	0	0	0	0.000344778	0.000635116	0	0	0	9.0730928358859e-05	0	0	0.005570879	0.000417362	0
SRR36490916	disease	0	0	0.07554572	0.023984365	0	0	0	0.005719459	0.000330522	0.006006869	0	0	0	0.000646673	0	0	0.000546079	0	0	0	0	0	0	0	0	0	0.000316151	0	0	0.001681349	7.18525011855663e-05	0	0	0	0.000919712	0	0.000531709	0.001192752	0.010878469	0	0	0.004440485	0.001020306	0.003563884	0.004181816	0	0	0	0.000689784	0.002399874	0	0.018135571	0.000632302	0	0	0.008435484	0	0.000158076	0.019903143	0	0	0.001494532	0	0	0	0.000244299	0	0	0	0	0	0	0.002716025	0	0	0	0	0	0	0	0	0	0	0	0	0	0	0.000114964	0.001954388	0	0.000330522	0.106269849	0	0.000776007	0	0.000244299	0.000905342	0.000517338	0	0	0	0	0.001005935	0	0	0.007300214	0	0.001235863	0	0	0	0	0	0.000431115	0	0	0	0.000143705	0	0.000962824	0.001408309	0	0	0	0	0	0	0	0	0.000258669	0	0	0	0	0.008018739	0.00257232	0	0.003132769	0	0.00573383	0	0	0	0	0	0	0	0	0	0	0	0.001379568	0	0	0.000114964	0.007213991	0	0	0	0	0	0.002227428	0	0	0	0	0	7.18525011855663e-05	0	0.000244299	0	0.028051216	0	0	0	0.00056045	0	0.000373633	0.01178381	0	0	0	0.000172446	0.00057482	0.000215558	0	0	0	0	0	0.022331757	0.000689784	0.000359263	0	0	0	0.000402374	0.000100594	0	0	0	0	0	0.000129335	0	4.31115007113398e-05	0.000459856	0	0	0	0	0	0	0.000546079	0	0	0.005432049	0	0	0.000215558	0	0	0	0	0	0.001767572	0	0.000905342	0	0.001695719	0.016051849	0	0.000416745	0	0.00316151	0.00114964	0	0	0	0.000617932	0.003247733	0	0	0	0.000373633	0	0	0.004727895	0.000172446	0	0	0	0	0	0	0	0.128601607	0.250865823	0	0.001106529	0	0	0	0.000819119	0	0.000244299	0	0	0	0	0.001293345	0	0	0.000215558	0.000833489	0.000402374	0	0	0	0	0.000316151	0	0	0.028712259	0.000646673	4.31115007113398e-05	0.100679725	0	0	0	0	0.000833489	0	0	0.000962824	0.000114964	0.001609496	0.002069352	0.003520773	0.000488597	0	0	0	0.005877535	0	0	0	0	0	0	0	0	0	0	0	0	0	0	0	0	0.000416745	0	0.000502968	0	0	0	0	0	0	0.009340825	0.001796313	0
SRR36490917	disease	0.000529696	0	0.051363967	0.01334172	0.000281401	0	0	0.001291134	0	0.004221016	0	0	0	0	0.000397272	0	0.000264848	0	9.93180162881547e-05	0	0	0.000413825	0	0.000463484	0	0.00033106	0.000132424	0	0	0.000811097	0.000198636	0	0	0	0.006637754	0.000562802	0.005131431	0.004204463	0.023422499	0.000777991	0	0.00148977	0.000728332	0.007713699	0.014020393	0	0	0	0	0.008044759	0	0.024614315	0.027792492	0.000297954	0.000248295	0.007912335	0	0	0.018075879	0	0.000364166	0.003045752	0	0	0.000314507	0.000446931	0	0	0	0.000529696	0.000198636	0	0.000976627	0.000695226	0	0.00033106	0	0	0	0.000446931	0.000148977	0	0	0	0	0	0.001688406	0.001423558	0.001258028	0.000529696	0.003393366	0.105078461	0	0.000546249	0.001688406	0	0.000446931	0.000794544	0	0	0	0.000562802	0	0	0	0.010776005	0.000529696	0	0	0	0	0.000198636	0.000645567	0.000148977	0	0	0	0.000347613	0	0.001903595	0.002565715	0	0.000182083	3.31060054293849e-05	0	0.000480037	0.004618288	0	0.001473217	0	0	8.27650135734622e-05	0.000231742	0	0.05810104	0.022164471	0.002052572	0.002880222	0.000678673	0.012116798	0	0.000397272	0	0	0	0	0.00248295	0	0.000248295	0.00033106	0	0.001125604	8.27650135734622e-05	0	0	0.006240482	0.000281401	0	0.000314507	0.00066212	0.001456664	0	0	0.000413825	0	0	0	0.00132424	0	8.27650135734622e-05	0	0.001059392	0.001622194	0	0.001075945	0	0.000562802	0.000281401	0.003972721	0	0	0	0.001357346	0.001837383	0.001340793	0	0	0	8.27650135734622e-05	0	0.014798384	0.000182083	0	0.00016553	0.000297954	0	0	0.00066212	0.000115871	0.000248295	0.000132424	0.000430378	0	0.000380719	0	0	0.000678673	0	0	0.000430378	9.93180162881547e-05	0	0	0.003310601	0	0	0.026335827	0	0	0.000264848	0.000463484	0	0.000678673	0	8.27650135734622e-05	8.27650135734622e-05	0	0.003608555	0	0.001208369	0.014533536	0.000579355	0.009402106	0	0.005048666	0.001109051	0	0.000430378	0.001241475	0.001423558	0.007051579	0.000248295	0.000397272	0.001373899	0.000215189	0	0	0.004287228	0	0	0	0.000480037	0	0	0	0	0.155995498	0.072237304	0	0.000248295	0	0.000182083	0.003128518	0.001440111	0.000297954	0	0	0	0	0.000413825	0.018704893	0	0	0	0	0.000397272	0	0	0.000529696	0	0	0.001539429	0.001059392	0.003343707	0.000446931	0	0.063927696	0	0	0	0	0.001291134	0.000148977	0	0.000777991	0.001340793	0.006074952	0.000926968	0.014814937	0	0	0	0	0.030854797	0	0	0	0.000281401	0	0	0	0	0	0	0.000314507	0	0	0.000248295	0.000281401	0	0.004204463	0	0.000281401	0	0	0	0	0	0	0	0.010213203	0
SRR36490918	disease	0	0	0.029997229	0.013726993	0	0	0	0.011297869	0	0.002103067	0.00011412	0	4.89085247558649e-05	0.000668417	0.00045648	0	0.000668417	0.000668417	0.000391268	0	0	0.000260845	0	0	0	0	0	0	0.00034236	0.000407571	0.002217186	0	0	0.000570599	0.010825087	0	0.001842221	0.000912959	0.00596684	0	0	0.002054158	0.000489085	0.000309754	0.009357831	0	0.000472782	0.000358663	0.000782536	0.001010776	0	0.005151698	0.003668139	0	0.00045648	0.001418347	0	0	0.005396241	0	0	0.000309754	0	6.52113663411533e-05	8.15142079264416e-05	0.000146726	0	0	0	0.000537994	6.52113663411533e-05	0.00011412	0.002510638	0	0	9.78170495117299e-05	0	6.52113663411533e-05	0.00022824	0.000130423	0.000130423	0	0.000179331	0.000293451	0	0	0.000195634	0	0.00034236	0	0.000211937	0.210714227	0	0.001010776	0.00097817	0	0.000831445	0	0	0	0	0	0.00034236	0	0.001271622	0.010596847	0.001059685	0	0	0	0.00011412	0	0	0.000277148	0	0.00022824	0	0.000668417	0.001124896	0.001597678	0.002689969	0	0.001336833	0.000309754	0.000554297	9.78170495117299e-05	0.005494058	0	0	6.52113663411533e-05	0	0.000798839	0.000179331	0	0.015911573	0.018324394	0.00011412	0.001287924	0.000423874	0.005689692	0	0.008069907	0	0.001157502	0	0	0.001141199	0	0.000896656	0.000505388	0	0.008444872	0	0	0.001940038	0.009765402	0.000847748	0.002070461	0.000130423	0.000179331	0.000749931	9.78170495117299e-05	0	0.000326057	0.000195634	0	0.000407571	0.000472782	0	0.000717325	0	0.002168278	0.000358663	0	0.000130423	0.000472782	0	0.000260845	0.01382481	6.52113663411533e-05	0	0	0.002282398	0.001450953	0.000163028	0	0	0	0	0	0.004369162	0	0.000961868	0	0.000815142	0	0.000309754	0.000146726	0	6.52113663411533e-05	0	0.000211937	0	0	0	4.89085247558649e-05	0.000211937	0.000179331	0	0.00011412	4.89085247558649e-05	0	0	0.00166289	0.000260845	0.000277148	0.013433541	9.78170495117299e-05	0.000163028	0	0	0	0.000130423	0	0.000652114	0	0	0.000782536	0	0.005363635	0.00596684	0	0.004907155	0	0.004581098	0.007939484	0	0	0.00045648	0	0.004434373	0.00011412	0.000537994	0	0.000211937	0	0	0.001157502	0	0	0	0	0	0	0	0	0.071047784	0.232445915	0	0	0	0	0	0.0034399	0.000766234	0	0	0	0.00034236	0.000440177	0.000407571	0	0	0	0.001467256	0.000929262	0	0.000211937	0	8.15142079264416e-05	0.000293451	0.001108593	0.000130423	0.017476646	0.000293451	0	0.113043904	0	0	0.000472782	0	0.000554297	0	0	0.000358663	0.000195634	0.002918209	0.001744404	0.00551036	0.000293451	0	0	0	0.011526109	0	4.89085247558649e-05	0	0	0	0	0	0	0	0	8.15142079264416e-05	0	0	0.00034236	0	0	0.00011412	8.15142079264416e-05	0.000537994	0	0	0	0	0	0	0.005021275	0.002151975	0
																																																																																																																																																																																																																																																																																																																																													