"SampleID","Condition"
"GSM614037","disease"
"GSM614038","disease"
"GSM614039","disease"
"GSM614074","disease"
"GSM614082","disease"
"GSM614083","disease"
"GSM614090","disease"
"GSM614146","disease"
"GSM614147","disease"
"GSM614189","disease"
"GSM614223","disease"
"GSM614224","disease"
"GSM1008309_93173_7280","control"
"GSM1008310_93174_7281","control"
"GSM1008311_93175_7282","control"
"GSM1008312_93176_7283","control"
"GSM1008313_93177_7284","control"
"GSM1008314_93178_7285","control"
"GSM1008315_93179_7286","control"
"GSM1008316_93180_7287","control"
"GSM1008317_93181_7288","control"
"GSM1008318_93182_7289","control"
"GSM1008319_93274_7364","control"
"GSM1008320_93183_7290","control"
"GSM1008321_93184_7291","control"
"GSM1008322_93185_7292","control"
"GSM1008323_93186_7293","control"
"GSM1008324_93187_7294","control"
"GSM1008325_93275_7365","control"
"GSM1008326_93269_7359","control"
"GSM1008327_93188_7295","control"
"GSM1008328_93189_7296","control"
"GSM1008329_93276_7366","control"
"GSM1008330_93190_7297","control"
"GSM1008331_93270_7360","control"
"GSM1008332_93191_7298","control"
"GSM1008333_93192_7299","control"
"GSM1008334_93193_7300","control"
"GSM1008335_93194_7301","control"
"GSM1008336_93195_7302","control"
"GSM1008337_93196_7303","control"
"GSM1008338_93197_7304","control"
"GSM1008339_93198_7305","control"
"GSM1008340_93199_7306","control"
"GSM1008341_93277_7367","control"
"GSM1008342_93200_7307","control"
"GSM1008343_93201_7308","control"
"GSM1008344_93202_7309","control"
"GSM1008345_93203_7310","control"
"GSM1008346_93204_7311","control"
"GSM1008347_93205_7312","control"
"GSM1008348_93206_7313","control"
"GSM1008349_93207_7314","control"
"GSM1008350_93208_7315","control"
"GSM1008351_93209_7316","control"
"GSM1008352_93210_7317","control"
"GSM1008353_93278_7368","control"
"GSM1008354_93279_7369","control"
"GSM1008355_93211_7318","control"
"GSM1008356_93212_7319","control"
"GSM1008357_93213_7320","control"
"GSM1008358_93214_7321","control"
"GSM1008359_93215_7322","control"
"GSM1008360_93216_7323","control"
"GSM1008361_93217_7324","control"
"GSM1008362_93272_7362","control"
"GSM1008363_93218_7325","control"
"GSM1008364_93219_7326","control"
"GSM1008365_93220_7327","control"
"GSM1008366_93221_7328","control"
"GSM1008367_93222_7329","control"
"GSM1008368_93223_7330","control"
"GSM1008369_93224_7331","control"
"GSM1008370_93225_7332","control"
"GSM1008371_93226_7333","control"
"GSM1008372_93227_7334","control"
"GSM1008373_93228_7335","control"
"GSM1008374_93229_7336","control"
"GSM1008376_93247_7337","control"
"GSM1008377_93248_7338","control"
"GSM1008378_93271_7361","control"
"GSM1008380_93249_7339","control"
"GSM1008381_93273_7363","control"
"GSM1008383_93250_7340","control"
"GSM1008384_93251_7341","control"
"GSM1008385_93252_7342","control"
"GSM1008386_93253_7343","control"
"GSM1008387_93254_7344","control"
"GSM1008388_93255_7345","control"
"GSM1008389_93256_7346","control"
"GSM1008390_93257_7347","control"
"GSM1008391_93280_7370","control"
"GSM1008392_93258_7348","control"
"GSM1008393_93259_7349","control"
"GSM1008394_93260_7350","control"
"GSM1008395_93261_7351","control"
"GSM1008396_93262_7352","control"
"GSM1008397_93263_7353","control"
"GSM1008398_93264_7354","control"
"GSM1008399_93265_7355","control"
"GSM1008400_93266_7356","control"
"GSM1008401_93267_7357","control"
"GSM1008402_93268_7358","control"
